x1,x2,x3,x4,x5,x6,x7,x8,x9,x10,x11,x12,x13,x14,x15,x16,x17,x18,x19,x20,x21,x22,x23,x24,x25,x26,x27,x28,x29,x30,x31,x32,x33,x34,x35,x36,x37,x38,x39,x40,x41,x42,x43,x44,x45,x46,x47,x48,x49,x50,x51,x52,x53,x54,x55,x56,x57,x58,x59,x60,x61,x62,x63,x64,x65,x66,x67,x68,x69,x70,x71,x72,x73,x74,x75,x76,x77,x78,x79,x80,x81,x82,x83,x84,x85,x86,x87,x88,x89,x90,x91,x92,x93,x94,x95,x96,x97,x98,x99,x100,x101,x102,x103,x104,x105,x106,x107,x108,x109,x110,x111,x112,x113,x114,x115,x116,x117,x118,x119,x120,x121,x122,x123,x124,x125,x126,x127,x128,x129,x130,x131,x132,x133,x134,x135,x136,x137,x138,x139,x140,x141,x142,x143,x144,x145,x146,x147,x148,x149,x150,x151,x152,x153,x154,x155,x156,x157,x158,x159,x160,x161,x162,x163,x164,x165,x166,x167,x168,x169,x170,x171,x172,x173,x174,x175,x176,x177,x178,x179,x180,x181,x182,x183,x184,x185,x186,x187,x188,x189,x190,x191,x192,x193,x194,x195,x196,x197,x198,x199,x200
9,2,15,9,24,8,10,10,3,18,4,4,9,6,2,2,17,5,4,17,3,45,11,30,22,22,3,1,4,1,8,3,21,8,3,1,11,25,23,13,8,3,5,10,2,5,1,17,1,17,15,4,7,22,3,11,6,3,17,5,5,6,9,1,5,1,7,23,8,4,1,15,30,19,26,5,6,18,2,7,1,3,13,10,6,7,13,3,7,5,4,9,2,7,8,9,3,6,12,14,29,17,5,25,15,5,16,24,25,11,9,1,1,19,1,12,5,5,10,1,3,21,29,34,6,12,10,1,6,6,7,12,2,13,2,14,5,4,1,9,2,1,20,5,7,8,34,2,3,10,1,5,6,2,1,9,28,5,9,12,3,8,11,2,29,7,14,2,7,4,9,8,13,11,9,35,7,16,3,17,1,10,1,7,5,39,1,5,21,7,17,8,1,2,3,5,10,38,12,8
28,20,24,19,27,9,27,22,34,20,7,6,14,7,16,16,21,58,6,26,14,46,27,31,26,28,4,2,7,10,18,11,41,13,5,4,23,34,31,16,32,6,6,32,17,12,6,29,3,19,57,15,21,26,19,14,18,17,19,13,14,22,12,4,7,2,12,25,28,30,5,22,31,23,30,15,11,19,3,17,6,6,14,13,10,13,23,11,31,12,5,16,5,9,10,29,31,12,13,21,46,24,35,26,20,6,29,45,36,14,28,3,28,36,2,14,26,36,12,6,5,30,42,45,13,14,11,15,9,11,17,18,17,40,13,22,7,12,4,18,3,13,37,9,10,23,36,6,15,12,2,7,10,9,8,20,30,8,25,21,10,29,14,23,37,11,19,3,12,8,10,15,17,12,15,36,10,21,25,18,7,22,4,15,10,44,5,9,42,10,24,14,2,7,11,8,26,52,26,15
35,25,40,35,43,15,30,33,38,30,9,25,26,9,34,27,33,67,7,39,18,60,36,39,29,34,14,9,22,14,27,22,53,14,6,6,26,36,32,36,37,16,8,40,18,16,18,30,8,21,61,23,44,32,59,18,21,23,33,26,39,29,15,6,13,16,14,40,29,33,12,35,36,38,49,25,23,37,7,18,16,8,21,23,11,25,25,28,32,19,6,28,7,48,13,36,38,16,27,27,48,36,46,30,23,9,32,47,43,30,33,5,33,72,4,17,42,44,41,11,37,40,44,67,23,29,22,20,16,31,18,22,26,42,25,25,13,18,7,33,10,19,42,13,29,38,37,11,28,15,27,16,41,16,13,24,42,37,53,28,21,34,15,31,42,30,25,5,16,18,16,23,20,23,55,47,14,30,55,49,10,50,14,37,22,63,13,37,48,19,35,22,15,33,19,16,49,62,34,27
43,28,56,40,48,30,38,41,44,31,22,28,28,13,37,29,50,76,8,41,42,66,41,52,52,43,29,10,44,15,37,26,62,37,7,14,40,40,47,40,39,34,13,52,27,36,28,52,28,30,68,25,48,38,64,31,37,40,39,33,48,36,27,11,32,36,15,47,48,40,30,38,48,41,51,27,47,40,16,25,18,22,23,33,12,26,26,57,53,38,30,56,18,73,15,39,39,21,38,28,77,57,48,42,43,11,43,53,46,49,42,26,34,80,9,25,48,45,70,13,41,41,63,79,31,32,24,24,19,44,21,33,34,64,29,26,23,24,10,41,13,23,59,41,30,45,38,14,31,34,40,18,53,18,33,35,45,65,63,29,34,50,29,34,44,33,27,6,17,29,22,34,30,29,58,72,16,34,57,58,13,60,16,46,24,68,18,58,70,29,41,25,22,48,26,17,61,70,41,29
51,33,57,41,56,38,46,55,45,33,24,31,32,20,54,51,61,79,13,47,61,68,47,53,58,47,43,26,49,16,41,40,78,42,10,56,44,44,54,48,42,35,17,57,34,42,44,59,30,35,97,30,59,39,66,38,39,41,51,42,51,72,34,14,42,42,56,70,52,55,34,42,57,44,52,42,63,43,18,36,24,57,32,49,31,32,28,74,61,66,31,79,24,75,19,57,98,29,39,36,79,65,58,54,46,23,51,57,59,74,58,50,35,91,30,28,71,50,72,16,42,47,76,84,33,38,45,26,26,52,24,42,50,73,31,32,38,27,12,50,47,27,65,47,37,54,53,24,38,46,48,24,59,21,43,38,50,66,68,35,37,52,37,38,51,46,41,8,22,46,29,52,31,37,68,82,29,51,72,66,34,62,20,47,28,69,43,65,73,31,44,26,31,66,30,28,64,74,47,38
71,36,62,44,78,39,66,64,46,35,30,37,35,25,62,58,64,82,21,57,64,81,55,57,62,63,52,33,75,20,45,46,87,43,22,93,46,53,63,50,72,37,23,60,61,51,50,70,35,44,99,57,68,41,72,43,56,50,60,49,55,74,36,16,49,68,60,72,84,57,38,44,75,49,60,76,70,45,29,55,41,75,45,59,45,37,42,78,69,82,85,84,26,96,27,83,99,43,41,50,86,72,64,58,67,33,52,62,61,112,61,56,55,94,32,32,76,51,75,21,59,49,80,109,34,42,47,28,32,53,27,43,80,77,33,34,49,34,14,68,68,36,72,73,47,56,56,25,40,62,50,46,91,47,45,48,56,95,82,53,49,78,39,64,60,50,43,10,24,80,36,79,47,41,80,121,37,54,78,69,57,70,31,48,45,76,47,70,89,47,45,30,32,71,31,44,65,79,53,39
86,47,65,54,82,64,74,82,73,39,38,50,51,27,63,75,83,88,40,75,71,84,78,61,73,68,56,42,84,36,54,59,94,45,58,107,48,61,75,52,75,46,52,66,68,52,59,90,51,57,102,59,79,50,79,52,60,59,99,58,69,76,40,20,54,77,61,78,107,65,39,59,87,85,63,87,72,47,31,89,61,77,84,65,75,44,65,82,93,87,87,85,45,110,33,107,115,48,49,52,106,76,67,63,70,35,56,71,72,114,101,70,61,96,33,61,92,90,81,35,81,85,91,125,37,66,51,32,39,63,45,47,95,89,41,39,72,44,20,73,87,44,73,76,74,66,57,42,42,68,80,52,93,70,48,67,58,96,100,59,56,85,41,78,67,53,67,22,25,86,42,82,58,53,93,140,79,63,79,91,72,87,32,49,68,77,52,72,110,53,68,34,47,84,35,47,66,80,59,47
88,62,73,73,86,71,77,89,75,40,46,63,78,29,64,80,96,92,82,80,83,104,80,64,82,69,60,108,94,48,60,71,97,49,64,108,52,76,81,63,80,51,56,69,71,54,66,94,53,58,109,70,88,59,81,67,91,60,112,60,78,98,44,76,70,88,72,81,115,92,45,61,88,96,65,89,73,67,35,95,79,79,91,99,76,58,66,90,104,98,94,97,46,131,36,108,119,51,54,56,113,84,68,75,74,46,64,72,76,118,137,74,78,106,38,68,96,92,94,45,91,86,106,165,38,71,60,36,73,80,84,48,114,90,45,43,75,45,24,94,91,49,81,84,86,74,104,62,45,89,84,53,103,74,65,80,62,100,115,62,62,86,44,80,70,56,74,32,40,90,49,86,63,54,104,169,81,72,83,95,84,117,62,77,84,101,60,75,116,54,72,38,50,95,53,48,70,95,62,51
91,65,80,97,98,79,86,91,78,44,47,82,87,41,84,87,97,101,83,89,85,127,82,66,85,96,64,111,112,50,63,76,103,50,69,116,64,79,86,64,84,56,57,72,89,62,79,99,55,73,116,101,89,77,86,73,108,102,116,65,105,99,50,103,76,97,76,84,131,94,46,65,92,107,68,104,75,73,38,97,93,84,95,100,96,60,69,101,112,100,97,99,51,144,43,116,121,53,58,91,130,95,73,78,102,66,69,74,92,132,154,76,85,108,44,79,113,112,114,57,93,93,111,212,42,73,76,42,74,83,93,66,119,109,47,44,78,56,28,97,92,59,95,119,99,85,108,83,48,90,86,57,105,81,70,95,66,103,133,72,82,109,51,85,77,65,96,33,59,97,54,97,65,79,105,174,86,96,105,138,87,119,63,103,96,109,90,78,120,59,84,43,59,103,56,58,83,111,67,54
105,77,89,98,103,81,90,95,83,64,54,85,92,50,97,93,102,122,88,95,93,131,89,70,87,100,101,114,117,69,67,85,154,57,78,124,71,86,87,70,96,69,123,116,91,71,92,102,56,87,136,106,100,82,94,81,109,118,120,99,113,101,113,111,96,104,93,91,132,100,53,87,99,109,72,106,91,83,44,101,102,115,96,115,105,63,99,112,114,112,109,100,65,152,51,123,127,58,60,93,145,107,92,79,116,82,99,77,131,135,156,84,92,113,47,87,131,115,116,73,103,143,130,213,56,74,78,44,84,85,117,82,120,115,48,49,82,57,44,99,105,63,97,141,100,105,116,106,53,93,92,62,112,92,73,114,74,105,139,77,85,111,61,87,78,72,104,46,69,103,58,98,66,82,106,191,107,101,119,159,102,122,64,105,114,112,125,90,148,62,95,54,90,116,64,66,93,120,69,60
116,87,100,105,105,89,123,110,90,72,65,87,97,51,98,95,103,128,94,102,95,134,96,78,107,109,112,123,123,94,74,109,161,74,81,131,88,93,91,97,103,87,124,137,106,78,106,109,68,91,148,107,106,89,105,83,114,120,121,101,118,102,121,112,105,107,105,131,134,103,57,91,113,130,77,121,94,100,48,116,105,136,97,117,132,67,104,116,129,126,110,101,83,160,52,127,132,82,72,105,147,110,94,88,145,98,104,86,133,141,164,87,94,122,79,104,133,121,130,76,107,148,139,222,61,86,85,49,86,93,119,85,145,122,60,55,90,69,47,104,139,66,115,142,101,113,124,107,75,110,118,64,132,114,74,115,76,114,167,79,95,116,64,89,85,80,114,56,82,107,87,105,75,90,111,205,109,106,132,174,112,133,69,129,125,117,133,103,158,67,98,59,97,117,65,68,94,127,117,72
131,93,110,118,111,97,126,119,105,73,69,99,106,61,104,99,109,153,106,109,103,143,124,89,120,113,130,150,127,103,76,114,200,87,94,140,94,96,111,99,108,103,131,164,111,82,115,125,73,113,152,112,117,105,108,90,124,122,125,102,138,117,134,117,113,159,126,145,137,109,94,103,114,138,81,145,98,105,51,134,108,148,100,126,159,77,119,124,145,150,138,115,90,166,62,138,152,102,74,110,151,116,96,130,146,100,120,90,136,174,170,121,95,126,85,115,155,140,133,89,127,161,144,241,77,100,105,56,87,100,125,92,151,126,72,60,92,75,54,118,149,69,118,143,113,125,139,110,80,115,121,68,145,124,98,124,113,117,168,82,96,141,69,118,90,82,133,60,102,111,89,108,78,92,113,215,112,108,177,181,113,139,88,162,132,124,138,112,168,71,100,72,100,135,95,74,103,151,130,74
147,100,119,148,113,98,130,135,114,81,70,107,115,70,110,105,148,165,110,136,104,152,140,102,130,117,131,153,128,109,86,120,204,89,118,170,104,105,114,107,109,119,144,167,128,84,133,126,90,124,179,159,135,111,113,91,131,123,143,107,147,123,144,130,126,160,131,152,145,110,97,104,115,140,91,152,111,127,59,144,111,159,104,133,168,83,134,145,156,167,147,123,95,173,90,140,158,141,78,112,169,133,97,137,154,109,147,96,143,177,180,126,103,145,89,121,164,146,154,92,138,164,166,242,85,103,111,60,90,113,129,94,191,134,82,64,96,95,87,133,152,72,120,174,114,128,159,114,99,131,124,90,152,128,123,150,123,145,186,84,104,146,88,124,102,84,137,63,118,119,90,121,89,109,122,218,113,110,224,185,134,160,96,172,136,131,141,113,170,79,126,76,122,149,100,76,138,153,133,82
196,115,128,157,114,104,136,139,115,99,78,108,117,105,126,112,200,176,130,163,105,173,142,111,145,123,134,160,137,113,96,126,205,104,119,183,115,108,118,109,110,127,146,168,138,101,135,128,96,132,189,186,157,114,139,105,140,130,144,123,162,144,155,139,130,181,135,154,153,112,100,116,119,141,105,165,128,138,86,150,135,161,111,158,171,114,138,146,168,170,161,135,104,175,105,142,169,145,87,125,180,136,111,152,156,111,169,119,144,190,182,128,107,160,102,143,171,148,163,112,146,170,176,244,86,104,112,66,91,157,134,95,197,152,87,80,98,113,94,138,160,95,124,186,115,135,180,124,116,146,126,91,159,132,133,161,125,169,190,91,112,157,94,141,120,89,146,68,140,129,93,133,106,113,126,221,128,116,239,187,137,162,119,175,141,137,145,115,172,95,132,77,135,171,101,87,150,156,147,89
201,150,132,171,125,106,151,142,137,103,81,112,120,117,143,120,202,183,142,192,112,174,152,120,146,129,139,181,148,135,115,144,215,105,122,199,155,131,121,133,122,138,160,170,154,102,142,137,130,133,195,196,168,165,142,112,143,139,148,133,168,160,157,143,141,186,187,157,169,113,112,121,155,152,113,183,130,145,94,155,157,163,124,165,180,130,139,147,170,172,171,139,105,177,121,157,178,146,90,129,189,142,123,174,185,112,185,120,168,193,185,130,121,162,104,164,176,159,165,115,152,181,179,250,104,110,121,74,110,164,143,107,199,159,106,92,99,115,103,142,168,97,126,192,120,150,193,127,123,150,128,99,177,165,137,183,132,171,199,95,120,162,97,149,124,92,153,78,154,133,106,139,109,114,134,230,153,118,247,190,144,163,121,202,147,142,156,125,196,108,174,99,141,184,102,92,161,169,155,107
221,156,150,192,131,112,153,165,154,135,83,117,139,130,153,142,203,186,151,196,122,199,157,138,168,137,148,190,154,136,125,149,230,124,123,217,156,165,125,137,136,146,177,171,157,112,153,146,150,170,204,198,172,166,148,114,152,141,166,144,182,170,166,155,149,200,198,166,170,124,119,124,164,160,118,199,147,151,101,167,165,168,144,210,200,132,142,153,195,180,174,146,107,180,125,158,193,153,92,139,191,149,140,177,191,113,220,144,190,194,243,131,126,164,106,168,177,160,211,121,156,190,180,251,105,113,125,80,119,178,152,129,201,189,111,102,133,118,124,149,182,109,132,209,122,152,201,128,133,159,131,103,179,197,143,191,139,197,209,101,149,172,99,152,135,94,162,94,156,157,111,144,131,115,153,234,189,124,253,192,145,165,135,229,151,153,168,130,201,111,192,106,144,185,104,110,175,171,158,119
229,178,163,218,132,124,165,191,158,144,94,121,143,131,155,150,204,198,165,205,128,200,189,143,195,145,164,199,163,148,126,151,231,141,125,226,175,168,135,158,137,152,183,196,182,116,161,164,151,198,223,201,178,169,149,146,156,150,182,149,193,173,170,174,150,204,200,177,173,128,142,143,170,170,141,228,164,162,111,202,189,171,166,213,204,149,200,154,211,186,177,155,118,192,130,164,216,161,114,167,193,150,160,189,192,126,240,160,193,195,253,141,150,170,123,179,188,165,216,134,165,204,193,262,109,119,129,86,160,189,166,130,207,191,116,113,134,119,149,156,192,117,143,214,129,159,203,136,137,187,132,115,186,208,149,194,140,224,212,105,153,178,103,153,158,107,192,104,166,182,123,152,133,117,154,235,191,138,258,195,146,170,142,231,158,161,181,132,223,116,197,107,149,191,122,117,183,195,168,122
234,193,166,219,133,135,194,202,162,168,102,130,155,132,173,151,215,201,174,214,131,216,218,170,201,175,177,205,188,183,146,154,243,151,128,230,192,174,178,260,146,168,187,199,191,126,165,191,194,200,228,207,180,173,171,150,174,154,194,161,200,205,194,199,169,212,205,198,182,131,161,146,183,188,164,229,168,163,118,203,208,194,167,223,224,160,206,159,213,196,181,162,122,215,137,180,217,163,119,196,195,168,170,190,196,136,241,192,196,197,258,155,167,191,138,196,199,177,222,136,193,214,205,279,113,136,140,98,170,197,192,149,211,194,119,115,169,126,151,187,201,121,150,216,130,173,211,143,148,196,143,118,203,209,150,220,141,228,213,107,154,216,113,155,163,114,196,107,170,186,124,156,149,122,160,236,201,142,269,196,180,176,159,254,169,163,221,134,224,131,202,108,151,195,127,120,232,198,169,136
271,197,173,243,154,137,208,253,172,172,128,132,156,152,176,156,223,204,175,220,137,217,219,173,211,177,190,211,211,187,149,155,244,185,139,254,199,175,179,284,153,204,194,202,192,140,181,196,208,213,246,209,184,201,197,169,176,158,197,165,202,209,200,218,180,218,206,200,183,148,168,150,198,192,173,231,212,191,121,209,213,200,183,226,232,200,220,165,218,206,182,170,134,219,168,184,218,169,134,208,203,182,172,191,197,137,245,195,201,201,274,161,198,195,151,206,209,180,225,145,195,225,206,311,117,146,146,101,175,218,195,160,219,195,121,121,203,134,156,188,216,130,152,217,133,185,215,149,156,207,146,121,207,222,159,222,157,236,216,111,164,220,117,156,175,123,200,113,192,231,129,158,154,145,162,243,205,145,271,205,197,181,174,259,203,174,223,145,226,137,203,112,164,203,139,125,235,217,187,149
281,215,183,262,155,140,216,267,173,173,151,136,160,172,181,159,246,210,179,224,171,239,223,186,217,199,205,221,221,216,161,162,254,217,147,294,203,208,196,285,184,205,196,209,198,150,189,206,213,217,256,225,190,210,198,173,187,159,201,166,203,219,226,231,198,219,213,246,194,150,180,154,204,210,194,249,215,201,141,211,242,203,207,238,237,238,225,171,219,235,183,172,141,222,172,185,240,174,135,219,204,197,176,193,198,149,252,215,204,211,277,172,204,198,160,214,214,185,229,148,221,235,215,318,122,156,156,116,176,228,202,179,221,199,177,128,205,170,189,200,217,141,153,220,142,195,216,160,170,217,158,174,219,233,162,241,158,251,237,112,170,229,146,163,193,134,220,114,194,238,135,159,166,147,166,257,211,174,272,215,228,182,185,278,205,179,224,154,227,144,205,143,185,205,141,143,239,227,193,167
283,218,219,269,156,143,224,286,175,180,157,160,171,186,198,208,248,216,190,231,173,247,237,225,218,200,212,235,222,228,210,170,260,234,152,302,207,213,199,290,194,221,210,215,199,157,219,217,228,225,259,226,191,216,207,183,213,162,230,174,205,224,245,243,208,220,215,251,203,152,189,169,210,219,199,256,221,217,143,216,243,224,211,250,242,241,228,175,228,251,197,183,147,224,177,189,243,180,148,228,222,215,189,194,215,180,254,220,206,212,280,181,205,216,166,219,225,205,231,170,244,240,217,325,134,167,158,117,187,239,220,182,227,211,182,130,206,188,195,205,220,150,167,232,145,210,220,174,174,221,204,175,223,236,171,242,162,253,238,123,176,235,147,204,243,170,223,141,196,246,136,173,182,170,176,258,214,181,275,221,234,186,190,280,232,185,227,163,230,183,208,146,197,220,154,150,258,237,212,169
285,229,220,270,161,146,237,307,176,183,170,171,183,188,199,227,261,228,210,240,174,256,243,236,226,221,214,250,227,239,211,188,276,255,162,310,212,241,208,293,197,237,218,216,208,161,222,222,232,231,307,255,197,217,216,187,222,169,233,182,213,227,261,244,217,224,243,262,211,155,197,178,211,221,216,263,229,220,146,220,247,227,222,252,254,245,235,199,237,256,205,191,149,226,184,211,259,185,179,237,225,216,190,212,221,190,262,230,218,238,287,185,214,218,177,223,239,213,233,175,246,249,223,337,141,168,172,120,188,240,246,184,233,220,208,141,254,190,209,208,223,182,176,235,156,214,229,184,182,223,226,177,226,237,175,270,165,291,251,148,183,238,183,206,271,186,224,144,197,247,165,181,188,178,190,273,225,190,278,222,249,189,191,283,239,200,230,165,276,185,210,181,205,240,162,153,270,263,218,191
309,247,251,281,163,158,241,317,185,204,173,195,194,192,214,232,286,230,225,242,175,260,260,263,233,242,221,252,237,264,212,191,299,260,165,342,239,246,236,300,203,238,225,230,220,166,255,235,246,233,315,275,200,222,247,192,266,176,236,186,230,236,273,245,225,225,274,284,215,171,229,188,217,224,217,268,233,223,175,239,270,241,233,258,267,251,257,215,240,257,211,236,152,234,188,214,297,189,199,243,250,233,192,219,232,200,270,249,249,241,323,186,217,221,192,227,258,218,249,177,252,254,227,339,142,169,180,121,190,241,247,185,238,236,213,166,261,193,240,209,233,196,182,236,157,226,242,204,199,266,256,183,227,238,189,271,170,300,256,155,195,241,196,220,275,190,255,152,211,262,174,186,194,185,199,284,229,203,286,224,252,202,197,287,252,212,236,176,279,195,216,182,211,255,177,156,274,265,224,206
310,269,252,282,166,171,245,319,208,222,182,202,240,197,215,236,316,247,249,256,214,261,267,277,236,246,228,254,252,265,224,194,301,264,166,352,245,254,251,310,213,262,241,231,233,171,257,237,254,235,321,281,201,240,248,211,271,177,237,187,245,241,285,246,230,239,275,299,224,172,240,191,221,232,227,290,247,233,178,259,273,242,240,259,270,252,258,234,262,268,214,242,165,238,196,243,316,199,204,246,256,248,212,225,234,210,279,271,264,244,330,201,218,224,198,229,260,226,257,179,264,263,233,349,154,177,185,136,211,255,261,190,239,248,215,174,272,194,243,235,239,211,221,239,168,243,250,206,202,275,269,184,235,242,190,275,175,320,265,157,206,244,203,227,312,198,271,167,225,274,179,197,197,193,217,291,249,211,287,253,257,232,239,288,262,227,242,190,287,199,217,212,217,263,179,169,280,272,229,207
324,292,256,293,175,177,266,321,220,229,183,212,255,199,225,269,330,250,256,265,218,283,273,279,238,249,234,267,264,277,225,197,319,265,176,379,257,295,270,313,220,274,247,238,238,211,277,240,255,244,324,294,202,242,267,220,274,189,238,210,247,249,289,253,249,252,281,306,225,180,247,192,223,249,232,310,251,234,187,262,292,260,242,277,271,257,284,241,276,279,215,244,169,239,201,249,319,215,208,263,265,275,218,237,241,211,283,280,270,250,334,218,224,232,210,241,264,245,282,216,272,288,238,360,170,179,188,142,213,302,276,192,240,251,226,191,286,197,251,241,241,217,227,245,181,244,262,208,207,288,271,203,238,245,197,277,179,329,275,165,219,255,221,242,314,199,276,169,237,275,193,200,219,196,219,302,264,220,295,273,260,254,254,294,264,241,247,202,300,218,227,215,221,268,182,176,295,291,264,222
327,298,266,312,176,185,267,327,225,231,184,239,257,202,230,271,334,256,263,272,225,287,281,290,260,269,249,274,289,289,252,203,321,270,210,383,258,302,277,316,223,294,251,254,245,221,286,243,270,254,325,298,211,248,297,233,276,195,251,218,261,256,290,257,259,256,286,307,237,181,255,194,232,250,241,312,283,237,195,286,293,265,246,278,274,267,289,251,294,280,273,248,179,240,216,255,350,227,216,267,269,283,221,242,248,216,293,282,318,261,339,226,227,235,217,248,274,257,287,217,274,304,239,361,191,186,221,145,219,315,286,200,245,259,229,194,299,200,252,243,246,225,237,270,187,254,265,219,215,290,281,209,242,265,236,281,180,331,277,166,221,261,255,247,319,207,277,173,255,285,199,211,234,209,244,314,306,241,297,281,269,259,266,299,272,245,262,204,303,239,229,217,228,272,213,184,313,308,269,224
348,299,279,313,186,201,269,336,232,233,190,242,278,214,231,295,343,264,266,276,235,301,282,304,268,283,250,277,292,301,258,213,330,274,285,387,263,324,291,319,237,299,281,257,263,255,296,247,290,256,334,299,235,253,304,236,290,216,267,263,285,283,294,261,263,258,290,319,239,190,294,207,254,257,243,319,299,246,197,294,307,266,247,282,281,269,295,260,313,294,280,250,206,242,232,257,366,232,222,278,272,297,222,243,289,227,302,289,324,262,340,233,254,250,235,250,275,277,296,220,275,313,241,367,215,206,223,148,236,317,289,214,246,265,251,201,310,205,255,250,253,234,262,273,208,255,268,255,218,291,306,213,247,272,237,283,185,347,278,173,224,263,256,264,323,208,293,230,256,301,204,212,244,210,259,322,322,279,298,283,278,264,267,301,273,271,266,207,305,241,233,223,235,286,223,196,322,312,275,230
384,302,310,343,189,204,276,341,263,235,196,244,288,219,236,311,345,279,267,279,261,304,283,312,274,284,261,281,298,326,270,224,366,291,297,404,272,340,298,330,241,304,282,280,274,269,302,256,293,274,337,315,238,277,323,253,295,233,270,275,303,294,295,264,266,276,293,327,276,208,300,209,264,271,262,320,309,248,222,304,316,267,249,283,288,283,301,261,318,301,284,266,212,255,241,276,375,250,235,280,277,303,239,253,302,256,306,294,332,274,342,246,259,252,250,255,292,279,306,221,291,329,247,379,236,222,225,154,239,324,302,224,252,268,290,211,331,206,256,251,254,241,263,278,223,261,270,273,236,335,311,233,249,273,252,289,221,353,286,214,225,276,261,265,332,245,294,249,264,307,218,228,253,211,269,355,326,295,307,288,298,279,275,303,274,290,273,213,309,250,239,228,259,288,227,207,327,317,280,232
388,310,316,355,199,210,285,372,276,236,197,249,297,221,237,314,350,299,274,290,268,314,284,334,275,292,272,282,300,331,272,239,375,298,305,406,274,350,299,355,254,325,308,294,297,287,304,261,297,280,350,317,248,283,325,259,305,238,285,278,307,306,301,267,269,291,302,344,288,219,312,211,265,276,271,321,326,266,226,307,318,269,253,301,289,299,302,263,323,306,298,270,229,258,246,283,376,255,242,290,286,305,241,264,303,290,307,297,353,302,349,272,281,265,265,263,296,323,308,222,304,331,265,409,252,225,247,159,244,333,315,259,258,271,297,227,332,208,263,266,263,245,264,280,227,275,272,280,239,346,314,242,252,278,254,318,234,355,302,223,254,279,264,270,333,248,301,254,270,363,227,229,262,214,283,356,327,319,316,302,301,296,286,315,280,302,275,214,330,281,254,239,260,292,231,264,358,325,282,235
403,323,331,365,202,235,294,378,323,248,208,252,301,233,241,315,355,309,329,314,273,327,296,343,277,318,274,292,318,339,278,250,378,301,309,411,278,355,301,361,260,328,313,295,307,290,313,264,301,281,363,338,252,302,353,281,307,239,299,294,311,330,304,278,272,293,306,349,294,221,341,212,284,282,282,339,337,270,230,309,367,271,265,307,290,309,313,272,329,311,310,302,231,293,248,291,386,275,253,306,311,322,242,267,312,300,316,306,354,312,368,279,282,267,272,295,305,344,320,224,309,345,270,413,258,229,269,164,268,341,334,260,260,297,311,233,333,220,269,269,284,249,282,300,228,278,274,301,246,347,317,252,256,291,255,333,247,382,314,240,258,291,273,274,342,249,346,305,303,385,237,233,274,217,317,361,332,320,323,312,314,297,297,318,313,305,313,222,331,291,267,260,275,299,232,266,362,337,293,239
404,339,337,372,217,250,319,407,325,254,236,257,322,238,256,324,370,323,334,317,282,333,302,355,301,330,296,295,339,357,281,258,380,305,313,426,280,357,313,379,261,329,323,315,309,325,316,283,303,283,372,345,256,315,354,330,309,247,303,299,320,335,311,285,273,296,309,353,307,237,345,245,287,284,286,340,349,274,258,311,369,273,296,325,297,314,335,282,340,324,312,306,246,302,260,300,392,297,261,313,331,333,252,269,322,321,332,307,366,316,382,297,309,271,274,299,317,354,325,247,320,351,300,435,265,240,288,182,294,345,359,292,269,299,317,235,374,229,279,275,287,261,287,308,236,284,283,303,264,368,318,259,266,294,265,339,258,387,333,243,262,294,293,279,343,263,366,307,317,389,238,234,277,221,328,393,342,322,344,317,333,300,306,335,327,320,334,235,334,296,269,263,279,304,256,294,364,340,296,257
407,349,341,373,222,252,327,441,328,255,237,271,326,242,273,342,378,326,344,335,290,336,311,365,316,338,306,296,366,364,300,305,393,307,326,429,300,372,330,385,266,343,332,372,311,329,321,290,336,286,379,359,257,339,359,348,313,252,317,301,330,340,332,287,294,331,311,355,311,247,351,266,296,295,290,344,351,276,281,323,371,287,305,332,299,320,336,295,352,327,318,327,291,305,271,303,394,304,271,320,346,345,253,284,345,349,371,314,375,325,384,310,337,284,283,306,326,359,329,251,342,357,302,446,267,267,304,188,298,356,367,293,278,314,322,248,384,235,281,281,302,285,291,321,271,294,291,310,270,377,329,271,267,296,276,342,263,389,335,256,279,301,297,288,346,275,369,321,326,390,252,247,285,226,338,399,343,324,349,327,345,335,310,337,328,323,336,239,350,299,271,284,280,307,259,301,365,346,300,270
409,350,347,377,223,260,328,483,337,270,244,281,334,258,276,348,380,338,352,341,301,343,317,372,325,340,319,304,374,371,302,309,405,322,329,436,305,376,353,415,273,365,334,373,323,331,332,295,338,289,385,367,261,354,360,359,315,281,319,304,331,347,333,306,295,337,317,362,326,267,355,283,310,306,306,348,354,286,283,327,376,298,317,335,302,337,339,303,365,328,322,328,313,313,283,307,396,320,278,329,353,347,262,286,350,353,377,315,376,339,393,319,347,313,284,322,348,367,340,263,363,365,308,452,284,272,333,214,303,367,373,298,291,320,335,251,396,257,288,309,318,311,294,325,274,295,292,329,279,392,334,285,276,297,281,345,266,390,345,258,282,303,299,298,347,278,377,331,351,403,287,290,286,258,387,401,345,337,350,334,347,346,327,350,331,344,341,253,358,300,279,303,285,313,267,337,370,358,304,278
413,363,353,405,230,266,373,486,386,272,245,286,337,259,285,371,383,341,379,348,320,355,348,373,326,341,326,309,379,405,309,328,406,324,346,443,308,392,366,433,279,386,337,375,344,343,336,299,346,293,396,375,275,355,367,376,318,325,320,318,338,350,339,313,299,355,324,371,328,270,360,287,313,324,308,349,376,291,284,332,411,302,320,346,310,341,351,304,369,330,330,330,317,321,285,319,453,339,299,348,382,355,266,292,355,359,381,340,410,342,404,346,348,341,316,323,377,391,346,290,368,374,316,460,291,273,349,216,313,384,387,310,312,343,343,265,410,258,291,313,325,317,301,354,286,297,319,340,304,396,337,291,291,302,285,354,276,395,350,305,283,306,303,307,353,284,378,336,387,406,297,297,295,267,396,402,349,347,357,341,350,350,329,357,350,355,357,297,365,303,285,312,291,316,270,346,371,365,305,324
417,374,359,406,248,273,377,487,395,293,251,311,342,270,297,373,398,347,381,357,343,366,351,377,340,347,377,311,388,422,326,333,428,330,351,447,312,408,367,440,281,387,339,377,350,353,360,313,353,324,398,385,291,365,411,394,333,332,339,323,341,351,349,332,356,360,350,396,329,282,374,288,325,346,327,356,378,298,287,339,412,303,325,371,325,345,372,317,377,333,334,339,320,323,302,328,462,341,300,353,385,366,271,293,363,364,389,342,417,354,406,387,360,363,349,337,379,403,374,291,381,382,351,463,292,284,361,219,327,386,407,313,341,347,346,284,417,273,293,369,326,319,349,357,299,313,325,350,311,405,382,301,293,311,297,391,285,404,366,321,290,312,306,318,360,309,382,374,388,437,308,306,304,270,401,423,354,375,359,344,369,351,346,372,370,358,375,298,377,312,340,323,296,318,273,369,374,378,323,366
420,378,375,416,263,279,383,512,397,294,256,320,351,289,303,379,403,354,387,366,345,390,355,390,354,349,384,318,395,445,338,341,429,333,357,462,315,420,368,441,282,388,367,380,354,357,370,314,355,330,409,397,300,377,429,399,346,338,346,338,358,354,376,351,364,362,365,412,331,292,378,291,328,352,349,360,386,307,291,347,417,328,328,378,330,365,379,321,388,340,339,342,322,334,316,333,500,345,306,357,420,379,278,311,364,373,399,362,421,380,423,401,382,370,351,348,410,405,388,294,388,412,377,471,310,285,387,220,330,402,411,315,347,348,350,286,423,287,309,382,331,331,350,358,301,329,327,351,316,414,385,305,323,317,306,392,288,408,378,337,294,322,311,322,369,313,393,395,400,439,316,316,311,272,404,428,355,384,365,348,388,355,348,384,425,374,391,307,379,323,354,332,303,344,278,374,376,385,366,379
421,397,382,418,266,293,389,513,401,295,262,322,363,291,307,381,411,363,393,373,358,394,371,394,360,353,398,325,419,459,351,347,435,362,386,478,316,423,373,442,283,401,380,381,361,370,388,320,363,351,420,401,302,383,431,408,351,348,356,341,371,359,388,374,369,364,386,414,346,301,404,294,331,353,356,363,401,313,293,352,424,334,344,380,333,391,403,322,391,345,350,351,331,342,328,337,507,348,319,379,432,385,291,334,365,380,408,374,422,381,425,403,414,376,358,352,418,410,389,346,397,413,384,478,313,294,388,252,337,403,436,348,348,353,353,302,451,296,326,390,332,343,362,360,305,335,358,357,326,418,397,315,336,324,308,397,312,410,392,339,322,324,313,330,378,326,402,402,405,441,354,338,333,283,430,441,360,393,395,354,464,375,369,392,472,381,397,308,383,332,362,341,308,347,290,376,389,392,375,386
435,400,389,427,272,310,414,535,411,317,268,331,366,296,312,385,416,374,394,376,365,414,380,396,363,356,406,328,443,464,355,396,443,366,396,488,325,426,387,447,285,404,384,383,364,376,392,326,365,364,434,403,305,384,436,431,362,374,364,342,374,367,390,391,370,380,387,451,369,321,415,297,344,356,366,365,417,328,296,354,445,335,347,385,339,394,434,324,394,352,351,360,338,354,346,351,511,355,335,397,436,398,293,358,372,385,420,377,428,395,432,406,424,380,359,376,421,412,390,362,411,418,404,480,317,299,396,271,377,412,447,357,359,363,367,308,469,325,330,404,333,347,367,361,308,348,371,380,332,419,421,321,337,333,314,400,346,430,400,344,323,325,347,335,386,332,410,426,410,444,365,350,346,290,442,442,361,400,403,358,474,376,375,400,480,387,405,345,386,335,364,342,355,354,294,380,393,393,402,392
443,404,390,464,282,321,415,542,420,322,294,333,389,299,313,386,443,383,408,377,372,417,381,410,365,360,419,332,448,467,356,433,448,381,406,499,326,452,393,456,302,433,396,405,368,397,404,336,381,370,452,432,314,386,444,436,368,387,367,354,382,368,397,395,380,382,394,452,386,326,426,314,345,362,368,367,421,340,309,360,449,346,359,387,341,405,436,331,408,367,359,370,341,362,349,357,526,364,336,398,448,402,315,367,382,399,433,403,440,415,439,415,426,388,379,413,429,419,397,368,436,419,407,482,326,341,408,276,385,413,453,380,360,366,376,310,473,334,334,409,342,362,376,385,317,356,384,381,335,438,433,322,342,346,316,410,351,436,421,347,344,351,383,338,390,334,414,438,415,447,369,353,360,307,452,449,374,401,404,362,484,380,388,405,488,414,422,355,395,343,374,354,364,359,296,383,396,414,423,396
447,408,409,470,343,345,419,557,430,329,326,351,395,316,314,388,445,389,417,384,379,428,382,419,377,366,429,335,455,469,358,456,455,397,410,513,337,485,398,473,304,434,397,412,370,412,422,341,386,375,457,435,317,431,450,438,379,391,371,356,387,382,420,409,386,391,396,453,400,338,430,323,346,382,378,369,431,342,332,368,451,353,364,388,350,407,438,334,411,368,361,385,362,375,353,358,527,383,343,409,476,406,339,374,405,413,437,418,448,416,440,423,452,390,408,418,436,422,414,383,439,429,410,487,341,344,412,302,395,414,468,389,372,369,382,328,490,359,336,415,353,369,377,393,328,376,386,404,347,439,434,350,355,351,321,414,357,449,458,365,348,360,386,342,395,339,424,453,417,458,370,362,365,320,458,450,382,402,405,370,488,390,392,413,492,416,426,374,411,352,391,357,379,362,299,400,401,416,432,411
449,409,437,471,352,346,425,558,441,331,341,366,402,318,315,390,463,397,419,406,380,434,384,420,393,367,433,340,464,474,364,462,456,401,416,531,348,502,403,482,318,439,404,416,404,425,438,348,398,383,478,442,354,439,452,440,387,420,381,358,391,383,424,424,400,392,431,459,411,362,441,339,354,384,383,370,441,357,352,369,459,355,369,409,351,433,439,343,417,387,363,386,369,377,355,361,534,386,364,422,479,410,353,380,406,434,439,422,463,422,441,456,455,391,433,438,438,442,417,407,473,439,433,495,348,356,426,316,407,421,471,398,376,398,395,359,499,364,354,429,369,370,381,406,329,381,387,411,359,465,443,352,363,366,328,419,358,476,464,395,350,368,394,352,396,343,428,463,418,475,382,363,419,321,483,453,411,414,410,372,491,401,394,416,517,423,430,381,421,361,395,362,382,369,300,409,404,419,437,427
456,415,445,490,376,352,429,572,442,341,348,376,410,320,333,408,475,399,433,413,386,449,388,422,406,371,467,345,467,483,370,466,462,417,425,532,349,504,405,488,324,451,412,449,408,437,448,376,409,387,487,463,355,441,454,445,391,446,394,361,397,384,473,428,402,399,437,467,414,382,450,380,362,396,384,376,448,364,369,390,460,368,389,423,367,445,441,357,420,390,371,400,405,380,358,388,536,419,369,424,484,439,355,385,412,448,450,423,470,426,454,458,470,407,436,449,446,444,418,409,484,455,446,502,350,381,437,335,408,423,481,406,384,402,402,362,520,366,370,430,388,376,393,414,330,390,389,427,369,483,469,356,370,367,378,429,377,484,466,401,352,369,396,381,406,352,433,471,421,478,386,365,432,333,488,458,420,422,411,383,504,416,397,419,518,451,447,408,422,373,406,376,389,370,302,418,414,455,460,428
457,425,451,491,378,383,431,575,455,347,352,380,438,340,339,423,491,405,463,415,392,471,390,449,409,376,469,350,473,485,391,467,492,435,426,547,353,534,411,504,337,453,452,456,419,441,459,380,453,392,491,464,381,449,456,449,392,457,412,384,403,395,477,431,435,402,449,471,415,383,461,385,380,397,395,384,458,376,370,392,474,373,390,424,372,446,450,373,427,404,379,410,414,400,376,427,539,430,374,451,485,448,384,392,422,471,452,444,487,429,457,464,500,410,437,450,457,455,432,425,499,463,450,511,355,388,450,340,425,444,482,427,386,408,444,382,521,393,374,434,413,383,400,417,333,396,409,432,374,486,477,357,373,410,389,432,406,488,485,412,370,403,398,389,420,354,437,477,425,484,397,388,436,344,496,464,422,428,420,385,506,432,409,474,520,455,448,411,426,374,412,390,406,386,304,422,433,477,481,431
483,440,460,498,384,397,433,576,462,369,354,394,467,354,349,457,494,414,476,420,399,475,394,453,414,386,493,356,489,487,393,468,500,460,431,559,354,545,413,506,338,456,469,480,427,458,472,412,455,403,504,465,386,455,463,451,409,463,414,402,411,399,479,443,441,403,456,472,419,406,484,405,385,406,417,399,461,379,371,408,482,377,394,435,375,460,457,374,457,409,391,419,438,413,377,431,541,437,378,452,488,467,393,398,429,475,489,448,493,446,479,466,520,418,443,451,480,458,440,429,511,466,457,531,356,403,473,364,442,448,494,428,390,417,465,391,536,396,383,447,426,386,401,420,339,404,416,433,382,494,487,370,381,412,398,439,421,497,498,417,377,407,402,410,426,360,448,499,426,510,398,410,446,345,503,467,427,430,435,398,511,439,413,479,521,457,463,417,438,387,413,399,434,392,306,425,437,481,488,436
501,442,466,499,404,406,451,579,465,375,367,411,471,356,357,473,496,420,478,435,415,478,407,458,415,394,495,384,531,498,400,471,504,463,436,564,375,550,425,534,340,457,477,483,434,461,481,416,461,423,518,481,396,466,468,452,435,475,430,410,415,437,480,476,444,420,459,475,434,415,486,412,405,408,426,400,464,382,378,412,484,379,407,447,393,463,460,410,459,410,396,421,445,414,419,433,545,455,395,457,497,474,398,399,441,482,513,450,496,447,482,473,535,426,444,481,484,469,452,432,522,471,468,550,367,406,476,370,466,453,495,446,405,425,479,392,543,400,400,469,437,388,412,423,342,419,445,435,384,497,491,374,408,428,401,445,432,512,499,419,380,415,420,412,439,380,452,518,438,516,400,416,449,353,507,474,448,452,437,407,512,443,421,490,525,462,469,435,440,397,424,403,436,397,318,429,440,487,490,438
504,452,482,518,409,419,464,585,477,387,375,413,493,364,366,481,503,423,485,440,418,508,412,459,419,426,497,385,544,500,415,473,508,466,446,568,395,554,428,538,348,461,479,497,443,472,487,428,463,443,521,484,398,484,476,468,437,493,452,416,421,452,491,486,454,421,475,492,435,420,495,415,408,415,434,408,467,401,379,428,489,385,420,458,414,464,461,413,463,421,451,427,446,415,425,436,549,459,412,465,500,480,407,402,460,486,532,451,506,455,492,475,538,433,469,486,491,474,455,433,526,475,472,559,374,421,481,371,470,456,499,449,408,433,484,399,549,405,402,476,449,402,417,435,344,436,459,478,406,505,492,380,417,444,402,458,442,513,509,427,405,421,423,428,443,384,464,542,440,522,403,421,450,357,530,475,467,453,441,413,515,459,428,492,558,487,478,444,444,426,435,429,454,399,332,468,441,498,492,439
506,458,497,529,417,438,486,590,494,393,379,415,495,404,368,496,504,434,488,441,431,526,414,465,423,428,521,399,558,518,442,476,520,477,456,575,396,555,440,543,372,462,497,502,454,487,508,438,469,444,522,491,405,505,482,474,444,511,462,432,438,471,497,488,455,429,492,504,442,422,497,417,411,419,444,410,469,403,400,434,504,408,422,459,416,469,463,466,493,449,464,430,449,419,432,440,550,471,423,472,508,509,416,425,462,490,537,456,514,487,505,489,541,446,481,487,494,478,486,434,535,476,482,562,402,426,503,383,497,458,516,451,419,452,488,402,553,408,418,481,464,404,426,446,349,447,476,482,422,507,498,392,419,459,417,462,482,514,515,449,409,426,430,439,445,398,471,547,444,528,404,424,466,364,535,478,481,459,459,427,517,463,429,493,568,489,481,452,448,437,440,433,494,401,350,479,444,511,505,453
517,464,506,556,423,448,491,593,500,402,380,422,496,444,370,509,508,436,496,474,433,538,417,476,432,433,528,411,571,525,461,480,522,482,467,580,411,573,457,550,378,488,500,504,458,491,516,457,498,449,524,494,417,529,485,476,467,515,508,448,439,478,522,499,462,435,495,506,485,426,505,430,412,423,457,426,474,405,403,443,518,419,443,475,422,474,467,478,517,450,467,432,462,421,433,442,563,489,434,487,519,511,427,428,486,496,545,463,520,489,507,494,550,458,530,495,499,481,500,472,545,483,488,563,403,447,527,386,500,459,517,453,461,458,489,404,564,411,445,482,504,411,435,459,358,464,495,484,427,508,500,401,420,464,418,482,504,519,526,457,435,440,446,443,455,402,473,553,452,541,411,433,468,371,536,480,483,464,462,448,531,491,433,502,569,506,487,460,452,443,449,441,514,414,354,484,445,541,506,471
518,475,512,564,448,450,498,597,501,407,386,425,507,446,385,513,515,438,499,477,443,553,429,514,447,448,530,412,573,535,485,485,527,506,472,582,415,590,479,552,389,525,505,509,466,509,535,469,501,459,526,497,420,530,490,481,469,518,522,455,446,497,530,503,469,437,496,510,488,442,533,433,421,424,476,431,482,409,406,453,519,434,450,483,441,499,478,479,529,454,468,434,475,434,438,451,566,493,440,488,533,515,458,461,489,503,551,471,534,512,509,506,559,466,537,501,510,482,515,478,550,489,501,565,410,463,541,388,506,460,521,457,466,463,492,409,568,428,464,484,511,455,454,467,364,471,505,497,475,510,526,405,433,487,425,504,515,525,531,459,465,457,459,451,462,478,476,555,473,545,412,440,469,388,540,498,502,471,477,474,541,497,434,505,578,508,491,471,493,450,452,471,516,415,384,486,446,542,516,474
524,476,518,591,466,455,501,598,508,422,404,427,523,456,403,531,536,441,508,478,447,557,476,521,454,450,539,422,576,553,497,505,540,509,482,584,421,591,480,572,390,541,518,516,479,511,537,471,507,466,528,504,426,541,502,488,506,524,537,456,447,507,546,506,472,448,497,530,490,444,536,440,427,443,480,458,489,411,413,472,536,449,451,485,453,504,487,496,535,459,493,435,476,436,450,463,572,524,444,502,539,525,473,488,499,504,554,472,542,516,531,514,560,472,550,506,520,490,518,497,559,510,502,570,422,475,561,417,507,475,530,461,475,482,499,410,575,449,469,517,523,466,458,471,372,481,506,505,495,518,527,411,444,488,431,508,518,533,532,471,471,459,465,455,481,488,480,562,476,549,422,441,483,395,555,516,506,472,498,483,553,499,441,507,580,511,496,475,503,453,476,472,517,433,385,489,466,562,525,490
528,481,523,596,468,462,528,600,510,425,409,447,527,470,427,532,537,443,514,484,459,562,483,528,462,451,548,424,590,554,505,510,575,514,503,587,425,597,484,573,393,546,535,523,483,528,554,473,508,494,533,520,448,542,519,494,513,532,558,464,448,526,555,513,491,476,501,535,499,457,543,444,453,444,481,464,495,434,434,481,541,457,455,493,457,556,491,497,548,472,497,446,492,446,456,476,573,526,451,507,541,549,500,493,501,512,564,495,544,526,546,517,579,489,557,511,522,498,521,512,586,523,506,571,431,478,563,425,519,492,531,466,478,496,510,417,587,484,498,526,534,467,465,485,403,491,513,506,503,521,537,424,448,493,436,517,520,553,538,488,484,467,467,458,500,489,492,570,478,571,425,450,489,404,561,528,520,488,510,490,555,523,443,510,591,523,532,501,507,508,513,481,529,437,394,501,480,584,531,512
535,502,526,617,471,463,543,626,519,426,420,454,529,474,433,540,538,446,544,490,461,563,498,537,486,467,558,435,591,561,511,522,590,517,530,597,462,611,493,619,411,553,556,536,485,537,559,487,516,495,536,534,459,552,522,503,530,534,570,475,475,543,563,522,503,483,511,550,521,462,554,453,459,458,491,477,515,439,437,482,544,464,456,495,458,557,513,505,555,484,502,448,501,479,476,495,583,531,458,525,551,560,538,517,517,523,565,522,546,582,547,530,581,505,564,528,525,513,547,545,588,532,510,576,436,487,600,455,526,493,551,478,479,497,511,420,597,485,512,528,536,478,470,489,425,496,523,515,509,522,541,434,452,501,452,523,526,554,554,496,487,468,471,476,509,540,513,575,489,576,448,455,496,417,564,556,528,506,519,493,557,528,447,513,608,527,542,509,509,509,517,489,531,448,423,506,489,586,539,516
546,509,540,619,473,491,544,628,539,429,465,458,530,478,462,541,540,452,552,500,464,574,504,540,493,476,575,454,603,574,512,527,593,520,531,606,473,623,495,632,413,554,563,537,491,549,583,493,542,496,547,545,467,561,544,522,532,539,575,480,487,556,567,523,507,489,514,553,524,488,557,459,462,466,510,480,520,444,439,497,567,466,475,497,478,570,521,509,565,488,508,462,505,488,487,517,591,532,466,532,573,568,543,530,522,532,571,529,555,593,556,545,586,508,569,545,530,519,565,546,591,533,514,606,437,497,605,460,527,495,564,484,480,502,527,426,601,492,519,543,540,486,471,492,432,501,530,532,516,536,550,436,455,507,472,536,530,565,562,501,515,473,508,479,521,548,520,576,509,579,452,478,513,421,568,557,556,510,520,498,563,536,456,538,609,537,560,512,515,522,544,490,533,455,432,516,500,590,548,520
551,514,542,622,475,497,555,629,542,441,468,484,532,496,471,547,541,456,581,513,476,582,514,548,504,512,584,461,616,577,515,528,600,532,547,614,486,630,500,640,428,563,579,543,493,559,588,494,543,504,556,567,474,569,547,525,550,556,578,484,500,563,570,529,511,542,520,584,540,492,560,461,482,471,549,502,542,451,450,507,584,475,482,501,496,588,522,515,575,496,527,469,538,493,508,523,593,538,472,543,585,595,556,532,525,537,578,560,563,600,575,549,608,511,575,547,540,538,567,550,597,539,518,608,470,498,622,509,531,509,574,490,483,508,535,427,603,494,525,548,550,503,477,493,444,508,540,560,533,546,556,458,490,526,484,555,534,573,565,505,520,479,510,482,529,551,534,630,523,581,454,480,523,433,596,573,573,519,524,538,565,540,470,555,623,538,589,528,529,559,550,495,539,462,474,528,506,595,549,530
558,518,553,623,480,500,557,636,556,447,509,504,536,501,481,548,579,458,583,514,490,585,527,555,515,533,589,481,656,578,517,529,603,554,563,621,496,641,503,646,432,569,601,548,504,563,592,495,561,509,580,569,479,577,562,528,562,570,591,505,505,569,607,533,517,559,525,588,544,504,571,471,527,478,552,507,561,457,451,508,591,482,489,504,509,590,530,521,582,497,534,472,542,512,525,527,604,546,490,559,586,600,560,539,540,539,580,561,572,612,577,556,611,523,589,576,551,540,568,553,604,588,524,609,482,541,626,512,532,511,583,495,490,521,538,441,610,499,529,553,569,511,481,496,449,528,565,577,537,568,581,486,510,533,501,573,535,577,572,518,524,480,516,490,532,561,535,633,524,584,457,486,550,442,598,576,576,526,530,557,589,546,493,561,626,560,590,545,537,560,552,499,541,479,490,542,510,601,569,539
564,525,554,629,500,511,561,645,567,449,517,506,545,518,490,555,581,460,594,525,497,590,538,573,526,546,595,487,668,579,531,533,643,557,573,624,506,650,506,653,440,570,612,565,505,582,597,504,570,519,589,579,486,582,568,545,567,579,593,515,507,581,612,555,530,578,528,596,558,509,587,475,529,495,559,516,569,466,463,520,613,485,506,517,512,603,549,530,591,502,536,476,552,526,526,538,605,548,505,567,587,601,566,552,541,545,583,563,585,614,578,560,617,527,594,598,552,544,594,583,614,590,539,641,499,562,632,513,540,517,584,505,497,522,539,445,631,501,536,558,570,513,494,497,468,537,567,585,552,575,596,488,515,550,522,577,543,579,596,527,533,491,519,509,534,586,544,639,540,597,463,519,560,453,618,580,617,540,538,573,605,548,494,564,638,565,597,554,548,565,557,518,544,480,502,545,513,603,578,544
566,540,561,653,502,512,566,648,571,451,528,525,559,531,508,560,582,471,611,526,506,592,546,586,542,552,602,502,669,580,556,535,646,562,585,632,531,658,521,657,489,589,636,582,528,584,598,528,583,520,598,580,490,593,589,547,576,597,597,564,509,590,615,570,568,591,533,597,560,527,589,487,567,532,569,519,572,483,475,521,621,490,513,543,516,615,572,561,597,511,538,491,556,537,531,564,615,550,513,598,593,603,597,579,547,547,585,566,597,620,583,561,619,534,613,600,555,561,613,595,615,591,578,642,528,580,648,515,543,528,606,518,505,544,542,447,639,512,539,567,595,535,496,508,471,540,616,586,556,607,612,491,532,559,524,582,546,584,612,540,537,497,521,517,580,594,545,649,561,612,466,540,562,461,624,590,625,546,544,596,607,578,502,567,640,566,617,558,557,568,565,525,545,493,504,551,519,615,582,545
569,549,588,656,506,525,570,649,579,469,531,542,565,536,513,586,585,491,631,527,523,598,555,588,554,561,610,511,673,599,565,538,651,581,595,639,532,665,524,659,494,607,637,590,535,592,600,552,586,523,607,590,523,596,592,568,577,598,602,572,523,591,621,585,572,612,538,608,562,531,596,488,571,535,571,525,573,549,478,553,629,506,531,571,530,656,580,571,598,515,589,494,572,547,539,573,619,558,523,605,610,613,601,588,554,557,601,567,616,627,584,566,640,539,623,605,560,567,618,599,628,593,582,643,532,589,664,518,557,541,617,523,506,545,550,450,649,542,551,581,617,549,501,517,474,545,629,604,557,612,617,506,537,563,535,589,549,585,614,546,541,529,529,522,585,635,552,657,576,620,467,542,570,489,640,600,629,557,545,601,611,589,507,572,642,573,621,570,560,570,600,553,563,520,505,552,524,618,596,553
570,574,597,664,518,562,580,651,586,479,533,562,567,540,520,599,586,500,644,542,526,601,577,589,562,562,625,513,677,615,575,561,652,583,598,640,537,684,526,680,505,633,639,596,547,595,619,560,591,531,612,597,529,626,593,578,582,600,604,584,525,616,630,598,580,619,541,622,569,541,601,507,580,568,588,528,582,559,513,563,654,515,561,575,531,658,602,574,601,532,590,539,579,550,550,583,624,572,552,606,638,629,609,591,583,559,603,583,628,638,592,601,643,547,628,609,566,568,620,606,636,603,588,647,551,592,668,531,572,543,625,528,514,555,555,470,655,550,561,583,630,550,543,523,484,565,635,606,558,616,620,516,543,584,536,613,550,633,615,552,553,531,548,531,624,640,560,660,587,626,540,558,590,503,650,604,631,569,548,622,614,601,513,584,643,582,628,573,565,574,606,562,565,553,509,557,539,628,599,557
601,575,608,666,544,564,583,652,600,483,536,563,574,543,525,626,601,504,686,558,529,604,583,598,574,567,643,516,711,631,589,573,667,586,612,647,543,685,544,686,507,669,651,604,548,601,629,562,599,535,635,615,532,635,613,580,590,619,606,595,536,627,639,614,590,625,559,624,572,545,610,525,585,581,591,530,594,563,517,569,655,519,584,585,535,664,610,582,615,533,602,549,581,554,551,592,640,576,566,615,642,636,637,593,586,569,611,592,630,642,612,607,677,551,629,622,567,569,644,615,640,621,599,657,557,601,669,589,575,549,628,540,536,561,580,485,678,596,590,595,636,560,544,564,487,569,639,646,563,617,626,518,544,590,546,634,569,642,617,566,564,542,550,538,627,644,569,668,592,631,546,566,592,532,654,618,632,581,552,628,616,603,520,588,661,598,639,586,585,586,615,570,572,592,521,559,559,641,628,562
605,590,609,677,546,581,589,660,624,511,542,573,587,549,531,647,605,513,687,559,534,609,590,609,586,579,644,532,719,642,594,579,690,590,614,655,548,687,545,699,536,676,654,614,569,603,633,573,605,539,647,618,555,649,641,589,593,650,614,599,554,629,644,616,593,629,578,645,573,556,621,527,606,585,610,535,597,565,520,573,660,564,608,603,544,665,618,606,630,534,630,552,635,556,555,594,641,586,580,617,656,643,656,600,599,572,636,612,649,643,618,609,679,557,630,637,573,583,659,621,641,625,601,658,577,625,672,595,579,560,631,579,540,574,596,487,679,604,599,597,637,587,556,566,516,593,668,653,567,618,631,522,556,607,552,652,579,664,627,571,570,549,572,542,632,655,580,671,601,633,572,567,594,540,655,621,633,596,553,633,622,625,540,606,664,599,650,620,590,592,618,572,577,601,529,576,581,660,631,589
618,610,612,679,551,604,592,662,636,514,544,579,588,557,558,667,622,514,689,569,537,628,596,610,592,602,645,540,730,644,599,587,692,601,625,657,566,688,557,705,543,678,668,616,589,610,639,576,619,556,648,619,595,653,656,602,594,653,621,607,573,641,649,627,625,638,602,649,580,562,626,529,613,609,619,543,605,615,527,586,665,569,621,614,575,685,619,609,642,537,631,571,649,572,558,603,663,589,581,630,662,663,705,603,600,583,643,616,658,654,619,616,689,563,640,655,583,586,660,623,670,643,602,670,578,628,675,601,587,575,632,587,548,575,612,508,681,613,615,598,648,588,598,583,525,594,672,656,577,622,634,552,560,609,557,669,587,669,639,597,584,576,574,553,636,666,590,678,619,641,575,581,614,545,657,641,634,604,560,639,634,630,542,618,686,611,651,638,591,595,621,578,582,608,535,582,588,664,636,610
629,628,614,685,553,616,603,667,638,532,550,583,607,570,576,680,633,515,705,579,542,631,608,612,601,606,649,551,744,645,604,599,700,603,643,686,568,704,558,732,550,682,695,618,591,613,644,597,624,577,657,623,606,681,662,605,601,654,626,616,579,645,650,643,628,658,610,654,590,570,634,546,616,631,623,553,615,616,537,607,667,612,627,619,591,690,629,610,644,541,645,581,653,574,588,641,690,591,582,632,667,670,709,607,602,585,651,625,678,666,627,653,710,613,641,660,586,591,703,638,675,655,612,671,582,631,678,611,614,576,638,590,605,595,617,525,682,617,638,605,651,603,609,591,529,604,698,666,637,629,638,576,567,617,560,679,590,677,641,626,592,581,593,554,639,667,593,685,628,655,578,594,620,547,689,647,638,606,574,672,657,631,545,619,694,613,665,645,598,596,624,579,585,610,536,585,595,667,637,634
640,645,629,686,557,618,628,669,654,541,576,586,609,583,578,694,644,520,708,591,550,635,623,627,605,626,654,552,747,662,621,617,711,607,651,693,587,715,571,733,596,685,701,629,594,617,648,600,626,581,660,633,616,684,663,626,604,656,635,634,582,655,672,657,629,664,630,664,614,591,635,560,640,638,625,556,618,619,538,611,671,619,629,623,607,691,654,660,659,546,673,582,655,579,591,643,703,614,584,640,682,690,710,633,603,590,653,630,689,667,633,673,719,629,656,670,611,595,716,642,677,656,640,695,585,638,688,620,616,593,641,594,623,597,621,530,685,623,645,614,662,606,618,601,551,606,720,674,649,650,650,580,576,627,587,680,599,684,642,631,616,602,596,565,644,678,599,687,635,658,611,610,621,554,702,652,659,608,575,682,664,636,551,622,697,620,668,647,618,611,649,604,588,623,550,595,597,670,645,636
653,650,646,699,558,647,632,695,666,554,581,597,623,586,585,713,646,528,714,599,583,671,641,640,612,628,655,557,754,674,622,663,717,631,667,730,605,717,590,748,614,697,712,653,620,624,650,601,630,592,661,637,636,686,666,651,605,665,641,636,598,659,696,705,634,666,635,665,616,602,640,567,650,650,628,573,630,620,541,627,674,628,634,628,614,701,674,668,697,549,678,597,659,583,611,647,709,615,586,642,684,705,715,662,611,600,661,642,692,668,638,681,721,631,658,680,612,596,737,644,679,662,650,696,599,647,702,632,618,595,644,604,625,612,626,570,689,638,651,629,671,617,621,613,568,612,721,686,656,661,659,594,626,640,594,689,601,693,669,635,618,644,603,575,664,689,607,690,644,666,623,639,622,561,703,663,670,609,583,693,674,638,555,628,703,630,673,658,620,616,652,607,597,633,555,600,607,672,647,650
654,653,654,700,563,652,642,714,668,582,591,607,636,588,605,727,684,535,722,621,584,690,649,667,618,643,662,576,759,678,649,673,725,640,675,734,607,721,591,761,627,702,724,662,623,627,656,633,631,598,674,642,646,699,707,666,606,666,649,648,607,667,727,713,673,671,682,669,629,605,643,574,673,651,635,585,646,630,558,642,679,629,638,630,638,704,687,672,698,559,697,618,695,601,631,662,710,618,591,644,701,719,721,668,616,603,676,645,707,677,648,683,726,636,683,682,613,601,744,650,683,687,657,699,641,672,708,633,619,615,653,613,634,615,632,575,691,644,652,645,672,625,654,615,585,618,722,694,676,663,669,600,627,641,599,697,602,708,678,644,626,646,604,588,669,690,655,698,654,672,624,652,629,572,706,664,673,613,584,702,676,649,563,631,717,638,684,662,637,620,659,612,620,635,581,601,650,677,663,654
659,657,655,701,581,656,658,715,677,595,605,623,640,594,614,729,685,547,727,631,592,709,654,676,623,676,685,582,774,690,676,700,735,643,680,740,608,742,604,764,639,710,745,669,637,634,660,634,634,608,700,652,653,702,711,667,620,670,657,652,614,679,730,721,697,672,683,675,641,613,647,581,678,662,648,586,686,639,596,646,687,642,652,632,644,706,694,681,714,599,711,620,700,616,645,713,711,619,593,648,720,732,725,675,618,618,678,648,714,683,661,685,729,654,694,685,624,603,755,670,693,688,681,706,665,673,752,636,640,619,701,616,639,632,656,584,702,645,657,647,674,626,655,636,595,673,725,702,694,670,673,603,628,648,629,716,622,734,688,654,627,652,606,600,674,692,657,705,670,688,636,653,649,584,709,665,674,624,585,712,715,654,567,632,718,658,693,664,650,636,674,629,661,638,582,604,656,695,668,666
668,662,656,702,601,672,687,723,692,606,614,629,649,613,618,737,686,556,740,648,595,721,657,679,661,696,688,587,776,692,677,711,739,665,683,746,633,746,611,770,649,732,771,674,643,640,674,641,638,609,707,666,658,704,715,687,637,676,679,656,621,697,734,724,707,679,685,681,646,614,655,593,690,726,674,602,696,648,608,650,692,652,660,655,650,716,699,682,723,604,731,626,701,619,658,736,712,627,597,665,721,743,733,683,629,672,684,649,732,703,663,686,731,664,700,692,635,614,760,671,698,693,683,718,675,686,753,644,641,624,721,618,653,666,664,605,711,646,663,679,695,634,658,647,615,685,751,712,695,672,680,604,634,659,632,718,631,752,694,660,632,665,619,606,684,712,660,718,676,694,637,663,655,595,712,668,684,637,611,725,723,685,576,649,725,661,698,666,657,651,716,639,668,645,588,607,672,696,673,702
700,664,669,712,606,692,689,725,701,608,621,633,656,619,644,742,727,558,745,650,670,755,681,686,675,699,706,598,784,711,684,724,742,681,686,753,648,747,612,776,653,733,790,685,648,641,680,646,653,617,708,682,660,707,724,689,655,682,682,661,626,710,737,750,709,692,686,692,649,653,658,598,692,737,676,610,704,656,611,654,698,653,674,659,651,719,704,686,729,607,732,636,702,620,659,768,714,637,608,668,725,782,737,686,630,678,687,650,734,708,664,692,742,675,707,725,642,635,762,672,700,699,686,725,682,705,776,659,651,633,724,629,676,692,676,607,716,657,672,711,699,667,664,670,628,689,761,715,701,676,686,617,676,666,673,724,635,762,711,662,651,667,644,608,692,734,662,721,682,697,638,681,674,596,715,679,685,640,628,758,736,689,577,650,729,669,702,683,658,666,722,671,688,647,595,610,673,699,679,707
703,667,681,716,634,701,698,737,705,624,623,637,678,620,645,747,732,561,753,671,671,759,683,701,680,700,717,599,786,718,688,736,752,688,703,761,657,752,624,788,657,734,792,692,652,646,688,679,661,628,717,685,663,720,730,728,663,685,683,698,635,723,748,762,715,698,694,719,668,658,667,633,695,738,677,621,707,671,614,655,708,678,678,666,652,720,733,690,738,614,733,650,714,628,664,772,721,639,617,670,730,787,739,697,642,690,698,661,735,713,675,703,744,679,718,731,669,649,763,698,726,708,692,746,685,715,780,665,654,663,747,635,715,697,688,636,729,665,674,729,705,677,679,673,633,708,763,736,708,685,695,618,685,679,677,744,641,782,715,669,654,714,662,615,709,740,698,738,693,731,650,692,678,604,720,700,687,646,650,762,742,695,582,681,753,687,703,703,677,668,737,672,724,649,597,628,681,742,686,708
722,687,686,726,638,714,740,747,714,630,627,639,681,626,647,763,734,575,768,677,683,766,728,713,693,701,735,631,791,726,690,766,757,689,728,762,668,772,627,800,669,742,796,714,675,668,689,695,681,640,720,686,672,728,753,734,664,687,686,702,642,729,750,771,721,728,713,737,669,681,669,634,707,739,690,624,711,694,616,662,723,680,689,684,684,728,737,693,743,617,743,653,729,652,670,773,729,657,618,680,752,798,740,710,647,700,705,666,738,717,687,709,749,686,721,744,671,657,772,712,729,718,711,771,694,721,787,669,667,678,754,651,728,709,695,651,741,667,677,750,740,690,685,680,652,719,769,768,709,698,707,620,687,684,685,765,642,784,719,685,657,717,680,626,711,756,709,741,704,734,653,705,703,612,729,702,690,659,655,763,748,713,585,697,758,696,731,710,685,678,751,676,725,652,627,632,686,743,687,713
724,720,689,730,649,724,749,754,720,643,641,645,687,630,661,779,757,582,795,684,691,771,730,717,698,707,753,646,792,748,695,791,769,724,738,763,672,777,628,803,671,749,815,719,697,672,698,703,687,658,734,696,674,736,757,743,675,691,687,709,648,738,770,772,729,738,714,748,681,690,681,643,714,748,695,625,713,708,617,663,726,684,698,688,688,757,745,713,749,641,745,656,733,653,672,781,732,674,622,682,754,808,743,715,651,714,710,671,745,731,712,723,767,689,729,752,684,662,774,717,730,725,718,772,718,728,796,675,668,683,761,665,739,720,717,652,758,669,686,754,760,714,693,689,655,723,794,783,731,703,711,629,699,686,694,779,669,797,724,696,662,740,686,643,732,763,714,742,706,742,655,711,729,632,734,713,724,671,686,771,752,718,589,704,770,703,745,736,690,680,757,687,733,667,642,637,694,744,713,714
729,757,694,753,654,731,759,758,728,644,643,653,696,631,684,790,759,583,797,695,693,792,731,723,731,710,756,657,798,768,703,796,778,726,750,772,693,779,634,806,679,771,817,734,707,680,707,710,701,659,736,697,688,759,759,753,698,693,694,731,658,741,776,783,741,755,721,757,689,705,692,664,726,749,707,629,717,722,633,664,730,685,699,700,690,758,754,722,766,660,752,657,737,663,673,792,746,690,626,693,767,811,749,720,720,723,715,698,748,733,720,724,773,700,733,768,688,668,790,721,733,730,732,773,725,732,804,727,684,692,764,669,745,749,743,656,761,681,700,757,771,717,725,708,660,725,799,789,753,717,713,643,704,694,699,790,674,804,729,699,686,741,709,657,734,765,715,745,711,746,672,713,734,635,744,730,730,685,699,784,761,724,601,723,777,712,746,749,709,684,759,693,766,669,663,639,701,745,715,722
760,766,698,769,657,732,762,770,735,661,660,664,698,632,698,794,764,587,807,709,694,796,732,729,738,723,765,658,810,777,712,810,794,732,754,773,705,783,644,810,684,772,825,741,708,689,718,719,706,666,756,702,707,760,774,764,700,694,698,738,660,781,782,788,748,763,727,777,702,716,711,666,748,750,720,636,725,723,647,666,731,690,707,701,691,778,755,723,772,670,755,658,740,695,692,793,750,696,633,699,775,818,766,728,747,731,731,703,755,735,754,732,787,707,737,780,689,679,792,730,768,736,735,780,728,740,805,738,694,702,780,699,759,751,746,688,764,701,708,759,772,740,729,713,661,730,806,808,771,723,723,646,735,711,731,802,693,828,731,760,688,747,714,689,737,768,732,754,717,757,674,731,738,643,746,738,735,706,706,805,766,732,611,768,793,715,749,752,726,699,762,696,767,670,668,640,704,748,719,751
772,771,706,770,668,734,783,777,737,669,666,667,704,642,709,804,767,620,808,718,717,800,741,749,749,727,772,669,817,781,719,815,812,750,763,793,741,789,656,812,692,777,832,745,749,696,748,741,710,698,760,707,721,769,781,787,708,699,706,751,677,785,783,792,753,773,730,820,703,730,744,715,755,757,732,638,729,727,661,678,738,699,708,728,695,779,764,726,778,690,757,676,771,703,701,796,752,725,638,726,780,821,772,734,757,733,734,717,811,745,782,733,796,708,743,797,700,682,793,750,778,767,741,781,742,747,809,740,699,706,802,709,771,758,764,708,770,710,719,780,779,742,731,716,663,733,809,818,776,751,745,654,752,712,733,803,701,831,741,762,695,759,726,691,756,770,734,757,718,772,683,746,755,662,747,743,742,708,719,812,772,757,621,795,806,731,781,774,728,708,769,703,778,692,669,645,709,751,725,754
787,773,712,773,670,746,784,785,742,685,674,684,717,670,721,805,777,698,829,725,721,804,742,769,752,735,801,684,825,814,720,834,815,757,771,795,742,790,689,816,695,815,852,747,755,699,754,756,716,704,771,709,724,779,783,791,750,702,719,773,680,799,792,799,756,786,757,821,720,731,759,724,756,761,739,650,736,734,662,703,758,707,727,737,709,782,769,734,779,692,763,694,775,714,715,798,767,737,657,732,786,827,782,738,787,752,762,739,812,756,799,751,801,709,745,808,705,689,813,752,779,769,753,788,743,750,815,745,708,711,805,729,777,766,774,730,799,717,721,781,789,760,738,737,668,741,811,821,799,762,748,668,761,721,744,807,707,837,744,772,713,762,750,718,766,777,735,775,720,798,696,760,758,664,753,747,753,715,740,820,774,768,626,812,812,734,793,775,739,716,771,710,792,701,688,656,710,761,729,755
796,807,735,784,673,799,795,795,744,724,678,698,738,681,733,823,778,699,831,736,733,806,774,773,765,743,802,690,829,824,749,836,829,767,783,798,745,801,696,817,710,818,864,750,771,723,755,794,726,718,781,719,739,784,798,802,763,704,720,793,715,813,795,805,757,792,767,829,744,745,811,732,761,772,747,655,740,748,665,734,760,716,737,745,753,783,777,737,801,695,768,701,777,731,744,807,773,744,671,746,789,846,788,762,792,759,782,757,824,759,802,752,803,720,761,809,709,695,816,758,804,787,782,798,751,763,818,758,732,732,809,745,786,782,790,738,807,724,731,794,792,766,751,740,685,751,812,833,806,766,752,672,781,768,778,816,741,839,747,780,715,763,756,730,777,781,737,800,735,803,699,762,760,699,755,781,760,726,758,822,781,771,638,820,823,746,796,806,774,739,772,726,797,704,694,660,716,769,744,764
808,809,736,787,703,803,797,801,752,735,684,725,741,688,741,830,797,722,843,745,759,810,775,785,769,744,809,704,834,830,753,849,831,780,784,816,746,802,704,819,714,825,871,758,784,734,756,803,727,728,783,730,766,789,805,807,772,715,724,796,720,819,804,811,763,803,771,838,748,748,824,734,766,788,769,660,758,754,681,740,772,721,761,760,758,789,788,742,806,711,771,717,787,748,745,810,791,748,683,765,800,849,799,771,794,768,787,776,832,769,810,758,817,773,784,822,710,714,824,771,805,788,795,810,753,780,821,768,749,735,814,746,814,793,795,756,808,725,741,802,793,769,768,745,697,758,824,841,814,778,763,684,814,769,795,821,745,851,760,783,718,767,767,732,778,805,738,802,738,839,724,773,767,714,758,794,765,737,768,828,789,774,652,823,841,756,806,817,781,740,774,731,810,723,700,672,727,774,792,768
818,813,738,789,710,804,809,807,754,745,721,726,762,689,746,835,800,727,852,747,769,813,783,786,776,751,825,705,852,832,774,856,834,804,800,818,748,811,718,826,722,828,878,763,825,775,769,829,750,765,788,762,780,790,813,808,799,759,727,798,736,843,806,814,780,821,780,842,752,750,826,737,767,811,799,661,770,771,687,757,773,724,767,771,759,835,802,743,812,720,779,759,794,758,764,815,796,755,689,771,810,851,803,773,799,773,789,778,834,809,815,770,820,809,804,826,714,717,839,791,806,805,828,816,754,781,844,770,769,745,817,750,820,794,802,767,819,729,744,812,796,770,770,747,704,763,838,845,817,792,768,688,816,783,812,836,786,855,767,786,725,770,768,744,794,808,748,805,749,847,735,775,796,716,761,809,768,745,770,838,790,781,678,841,842,758,807,818,790,753,778,740,817,738,703,713,729,778,799,770
841,831,745,794,744,812,815,810,796,747,741,738,771,697,747,844,810,728,856,757,776,820,787,787,794,763,841,708,855,833,789,860,860,827,811,820,753,816,750,827,723,838,886,764,831,798,795,838,751,774,791,794,788,806,831,809,801,762,735,805,748,858,834,828,783,832,796,844,789,798,830,739,768,815,801,681,783,776,691,760,782,734,787,790,788,843,807,750,821,728,785,769,795,763,766,827,807,769,709,775,819,862,811,789,800,787,820,785,844,815,818,776,824,826,811,832,724,726,850,792,807,806,837,826,756,786,850,772,775,773,826,758,822,798,803,769,826,735,750,826,797,780,777,757,710,764,843,861,820,795,777,693,820,794,814,837,796,859,770,794,730,773,778,753,797,819,752,812,752,852,741,791,799,718,766,810,769,751,773,846,811,783,679,846,845,759,810,851,795,764,782,751,818,748,723,722,761,781,807,771
857,853,748,836,759,813,825,811,816,764,746,747,781,760,748,855,818,735,857,777,791,825,801,792,795,769,857,717,859,836,806,862,865,830,821,824,764,825,784,838,747,840,891,766,838,810,796,839,753,783,793,816,810,812,834,813,803,782,736,806,749,867,836,847,804,837,802,845,792,799,832,740,777,822,812,692,787,777,692,762,791,737,811,792,812,857,819,753,829,730,807,774,819,782,793,840,830,783,710,782,851,866,813,798,804,802,824,787,847,820,822,782,828,831,843,855,733,743,851,804,823,807,838,837,813,793,851,774,784,775,835,774,825,809,829,783,835,741,758,830,835,783,803,759,713,773,844,869,838,803,789,695,826,796,835,843,800,866,781,798,736,788,797,754,813,820,761,816,771,859,757,801,809,728,767,811,783,774,790,850,831,795,687,851,853,767,827,857,797,794,799,753,852,752,724,737,778,785,825,781
865,855,761,837,772,819,838,825,817,765,748,760,782,762,750,877,829,737,869,799,795,853,820,797,805,774,874,718,861,838,809,869,867,833,824,843,765,831,794,858,767,861,897,788,844,814,820,843,767,793,838,836,814,819,835,826,821,787,740,834,750,872,840,850,807,845,807,846,796,801,833,748,795,829,824,701,788,796,695,772,792,742,813,795,828,858,824,756,831,781,827,781,821,800,815,848,864,791,737,799,856,880,814,812,815,805,827,798,848,831,825,799,830,834,849,859,745,748,860,817,835,808,846,841,828,796,853,783,785,776,842,776,826,818,841,811,846,764,760,834,843,792,804,782,719,807,846,871,854,809,813,697,830,835,849,845,801,867,785,812,737,789,804,762,820,836,762,835,795,875,764,830,811,735,783,833,792,778,791,866,840,801,692,861,858,772,839,866,801,819,814,786,859,755,728,746,781,798,830,788
885,857,766,838,784,822,864,836,853,780,751,764,796,766,771,879,830,746,875,817,809,861,828,804,810,777,880,734,879,848,811,882,868,837,834,846,768,832,819,866,777,868,901,795,848,827,822,844,772,798,854,842,820,823,837,830,827,798,746,841,765,875,841,867,819,859,808,848,805,814,838,768,808,834,841,706,797,798,718,775,799,759,821,800,829,861,832,774,835,799,850,794,851,811,818,853,872,797,739,806,860,881,832,837,820,806,828,814,877,832,828,804,834,843,856,862,756,773,869,820,836,822,848,848,862,834,861,785,787,783,845,780,831,827,853,817,849,778,770,845,846,793,816,783,722,808,863,876,859,814,814,705,836,836,862,868,807,873,787,818,743,790,816,776,826,843,763,843,801,876,771,831,842,753,793,838,805,786,793,871,857,817,699,862,864,773,856,870,802,826,817,788,862,825,747,776,782,816,849,789
896,859,793,844,795,870,869,848,862,799,757,783,797,779,779,883,842,789,877,820,817,871,845,821,829,806,887,768,898,878,817,885,875,838,837,853,770,835,828,870,784,869,908,798,873,843,857,860,784,799,860,852,825,867,841,835,849,799,748,848,767,880,876,871,826,862,812,864,817,837,845,778,828,840,861,712,816,812,774,776,802,763,827,807,833,883,835,777,853,803,859,795,852,818,835,858,884,801,777,833,861,886,837,838,857,809,831,819,889,835,829,815,846,850,860,876,760,774,870,850,838,834,872,876,865,839,872,801,796,792,850,782,836,828,854,819,850,784,780,847,854,812,824,788,742,819,867,891,873,825,819,710,837,837,863,873,814,882,813,820,746,793,827,785,832,863,767,848,806,883,773,845,868,756,806,846,823,829,794,872,868,819,755,870,865,775,868,878,808,831,843,791,866,827,764,777,788,854,854,790
897,869,796,846,804,871,870,851,878,810,758,800,808,805,782,886,871,792,882,824,821,883,846,847,835,826,893,815,899,879,836,886,894,841,839,863,773,838,829,881,788,873,909,813,881,846,861,863,792,827,877,859,827,883,849,857,865,845,761,860,773,888,881,877,828,869,838,871,836,851,848,779,845,856,870,716,827,832,780,777,819,777,846,822,863,887,839,781,854,814,867,807,861,819,853,863,887,804,791,836,863,891,838,857,863,823,842,824,893,839,837,826,852,863,864,883,779,776,872,865,840,849,884,884,870,840,876,812,805,802,853,793,848,850,863,835,852,789,818,853,858,820,850,793,745,825,884,899,896,833,820,713,838,845,864,890,819,886,819,849,754,795,839,808,842,867,783,851,828,889,799,848,872,766,813,859,830,848,799,904,869,833,764,872,866,783,878,879,810,836,862,796,877,839,766,787,790,858,858,793
899,870,826,848,808,884,878,853,883,823,768,801,818,807,806,890,881,801,895,859,822,884,863,864,843,827,896,843,909,889,847,899,898,842,841,868,791,843,831,882,792,886,911,838,887,867,863,866,795,830,894,860,846,902,854,885,875,846,779,868,787,892,887,881,844,880,852,874,842,858,853,803,847,879,871,760,830,867,784,794,826,780,852,835,871,893,850,794,864,830,869,815,880,838,886,869,891,820,814,847,881,894,850,874,867,828,845,825,909,857,840,827,864,886,887,891,792,778,877,880,841,851,885,891,873,841,880,849,808,822,857,813,859,857,866,844,853,792,856,855,860,840,863,810,751,829,895,909,904,835,823,717,843,850,865,897,821,896,843,871,779,803,846,810,846,869,789,869,831,904,807,861,875,777,819,873,838,858,803,907,878,834,784,911,874,790,880,880,820,848,869,812,890,844,772,788,793,863,859,796
902,890,834,862,819,899,880,866,894,827,866,827,828,818,812,900,892,807,896,863,828,887,872,888,852,846,905,875,912,900,853,909,900,853,843,896,807,850,836,889,807,894,915,845,891,869,864,885,798,838,911,868,858,908,898,937,877,848,795,886,798,903,893,885,862,882,869,875,845,862,855,831,857,899,872,772,832,869,790,814,846,781,867,855,878,899,865,813,869,837,873,820,884,848,891,897,897,865,815,857,891,910,855,881,870,833,854,852,914,871,867,837,873,887,895,892,795,792,881,882,848,854,887,896,880,850,882,850,814,825,862,851,867,865,870,864,859,798,865,869,869,851,866,834,770,834,898,911,905,843,843,720,856,859,867,899,845,907,848,872,783,818,850,822,850,875,801,880,832,908,825,881,883,808,834,878,859,891,816,908,890,839,788,928,877,852,891,901,866,849,894,826,899,870,810,797,816,864,863,822
904,891,844,895,826,907,889,869,895,867,881,843,843,827,836,901,927,827,898,878,829,891,885,901,864,892,912,879,921,906,862,913,914,877,845,898,849,870,838,890,813,900,920,850,893,881,865,893,812,843,927,881,864,911,901,941,883,854,808,899,818,904,902,890,867,894,872,879,849,867,883,832,859,901,873,798,835,873,816,821,862,802,876,868,896,905,867,832,873,852,876,829,892,856,897,900,898,873,824,876,895,911,860,890,871,837,855,858,918,874,873,851,894,897,902,894,798,814,890,893,876,864,889,901,884,856,892,866,830,828,873,862,871,874,905,874,860,857,874,875,878,862,874,849,800,845,907,921,908,851,850,733,872,861,871,905,848,909,849,905,799,820,865,835,851,876,837,881,839,909,843,885,887,817,836,881,860,896,823,919,901,849,810,932,882,860,893,911,897,855,901,878,906,890,812,811,842,869,878,832
914,906,865,903,850,908,896,881,914,874,890,858,857,837,862,904,933,831,901,879,844,904,887,909,870,902,913,894,928,907,877,924,916,881,850,901,867,871,857,893,814,905,927,852,906,882,886,895,821,850,954,892,884,916,918,949,891,856,834,904,821,909,908,901,870,895,874,882,850,871,904,844,866,926,890,807,883,887,821,831,876,828,883,877,899,918,871,842,879,881,881,845,895,865,918,901,917,888,833,890,897,914,872,908,874,839,864,870,924,888,889,876,905,899,905,909,808,822,893,903,902,869,896,915,888,864,895,883,875,835,902,871,882,880,910,886,865,878,886,876,890,875,880,857,804,874,914,936,917,859,856,744,888,866,874,916,852,911,850,907,820,851,867,848,859,881,838,893,845,913,850,886,900,818,860,885,861,907,829,927,902,857,820,934,908,876,896,912,902,875,902,887,919,893,844,847,854,871,891,842
923,907,877,915,854,910,911,887,919,884,903,872,873,855,863,911,935,843,904,890,858,908,916,918,871,919,920,903,943,910,894,929,925,908,855,914,871,878,859,911,836,919,933,863,909,885,891,901,826,852,961,915,887,919,920,953,895,868,865,905,850,944,913,905,880,897,890,884,854,914,908,850,905,933,892,817,891,901,893,840,880,835,898,896,912,931,876,851,885,891,896,852,905,876,929,902,919,894,846,900,898,915,873,915,883,846,872,887,926,892,891,882,925,903,907,913,843,865,899,921,911,886,922,925,903,871,935,888,879,884,921,872,886,897,939,903,868,889,895,881,895,876,882,861,816,878,922,940,918,860,866,745,896,876,880,918,859,913,858,917,834,852,871,852,876,890,853,895,859,917,853,909,908,832,862,887,866,940,867,942,904,881,846,951,916,884,911,919,914,876,918,901,923,901,857,859,857,897,893,860
925,921,883,919,871,913,922,896,938,885,908,874,888,862,870,923,936,849,911,911,861,909,917,954,880,937,922,914,948,916,895,939,928,932,857,931,876,888,870,914,880,920,940,879,921,887,898,914,848,854,964,935,894,926,922,955,896,908,871,921,866,954,914,914,886,902,896,886,861,923,924,859,908,934,902,818,903,912,901,842,891,844,900,909,919,943,891,859,902,897,900,864,928,882,933,910,922,911,849,922,899,917,879,919,886,865,879,893,929,898,897,885,931,905,915,931,845,879,907,922,927,890,945,926,909,896,942,899,892,892,922,873,891,902,943,904,895,891,908,894,920,890,885,884,832,881,925,949,921,866,867,762,901,889,895,921,891,920,881,927,871,855,872,858,883,895,883,908,876,922,860,914,941,838,867,888,877,955,896,946,909,921,875,954,917,894,916,921,915,883,919,902,925,908,874,918,865,902,908,881
933,947,886,923,895,929,927,897,939,887,925,889,908,867,900,924,937,873,915,940,863,914,935,965,895,940,923,924,949,919,908,944,934,937,874,939,886,896,872,934,882,925,942,895,927,903,918,930,853,868,966,936,898,930,941,957,925,911,877,929,870,956,924,917,906,915,903,897,863,927,931,867,914,938,914,887,928,926,935,877,910,864,904,912,929,948,917,862,904,899,908,896,934,905,947,911,945,928,857,927,906,923,880,921,905,884,880,913,947,910,924,894,938,914,930,934,868,911,909,924,929,913,946,936,913,897,952,900,900,893,937,917,906,925,944,918,906,897,910,904,927,915,893,885,865,930,926,951,927,877,869,777,903,894,896,928,893,928,884,930,885,862,877,862,887,905,888,920,879,923,876,927,943,844,869,891,891,962,902,948,940,933,890,957,919,898,933,922,917,891,923,906,929,909,880,940,868,923,914,890
954,950,892,931,896,939,930,900,956,888,931,905,918,873,910,941,941,877,918,950,867,920,952,966,899,943,924,928,950,925,914,960,948,938,886,941,890,897,894,945,918,937,947,915,934,914,938,933,867,869,969,937,904,932,944,963,928,918,885,936,878,974,925,937,913,926,927,912,894,929,938,869,925,940,918,898,941,937,954,886,918,867,911,919,933,959,948,874,928,918,909,910,943,907,957,913,951,933,873,930,922,926,887,938,913,888,889,919,973,918,926,918,940,916,938,954,885,913,911,927,930,918,965,946,918,902,955,923,901,912,973,925,916,932,956,941,922,902,913,906,933,928,936,886,871,945,953,952,933,880,872,792,926,898,923,938,894,930,898,931,887,891,879,865,905,918,893,925,894,927,897,948,945,913,885,893,898,963,912,952,941,943,904,959,930,899,938,924,937,917,925,917,944,920,882,942,874,924,933,893
961,962,898,936,946,946,931,903,957,909,949,922,927,883,916,944,952,882,920,957,871,930,962,975,905,955,936,929,959,933,917,966,964,942,909,949,908,907,910,954,948,964,957,938,936,916,940,946,881,898,971,940,915,945,947,968,943,934,900,943,880,975,928,941,915,933,932,923,895,938,940,909,950,942,935,910,949,950,961,897,934,872,912,923,935,960,952,880,946,936,937,915,962,911,958,922,954,942,879,931,940,933,895,939,915,895,898,931,975,920,934,933,943,924,943,956,894,930,912,938,935,930,979,951,919,925,963,926,907,931,974,936,932,944,958,955,928,946,923,907,943,938,939,899,882,950,960,955,942,882,873,829,931,905,933,945,906,931,903,933,895,903,903,874,906,921,904,930,897,939,908,957,954,914,910,900,919,967,925,962,942,959,924,963,940,940,961,949,940,922,928,926,955,932,885,946,904,934,937,924
968,965,950,946,961,959,937,914,973,911,950,941,944,898,942,948,956,901,923,959,889,946,972,983,906,960,938,936,963,943,945,971,967,947,949,952,947,917,949,964,964,968,961,954,946,917,947,949,885,924,975,946,926,956,950,971,948,945,913,959,885,976,935,951,916,974,934,927,910,941,943,929,953,948,951,913,957,960,966,907,941,882,937,929,940,967,955,887,958,940,961,921,965,919,963,928,971,945,898,937,975,943,918,955,931,898,938,947,976,921,957,934,947,929,949,961,918,931,916,939,960,938,983,957,922,959,964,934,913,933,975,958,937,956,959,956,938,947,926,936,950,939,941,910,896,951,967,966,944,907,908,846,949,916,934,949,930,942,908,934,904,947,922,924,910,923,922,935,908,942,914,964,957,920,920,906,937,980,944,965,953,961,931,966,941,950,971,950,941,923,946,942,959,935,904,955,905,939,945,932
969,969,955,954,962,967,945,933,978,912,957,948,950,901,949,954,972,908,948,970,900,952,976,991,945,969,940,940,970,944,947,979,970,952,957,953,948,923,966,969,977,974,974,955,953,920,957,957,928,955,978,975,927,966,956,976,971,947,926,972,891,982,942,967,928,980,937,930,925,943,945,946,955,950,967,937,973,973,969,914,959,949,941,935,958,969,957,916,966,964,964,925,980,935,976,941,974,950,905,948,978,959,919,956,941,906,943,950,985,922,958,953,955,937,962,966,926,954,923,943,971,944,984,966,932,979,975,966,914,946,984,964,948,971,961,965,949,950,927,944,969,945,949,949,905,968,970,970,960,924,933,911,962,936,945,952,931,943,928,951,921,958,952,933,943,933,953,947,926,945,920,975,961,936,935,915,939,983,958,971,971,980,945,968,953,955,972,985,965,925,968,947,964,968,954,958,932,954,952,939
978,975,958,962,965,973,955,941,979,947,960,951,971,907,964,959,978,938,953,979,930,954,985,995,948,996,958,959,973,949,948,984,979,954,960,956,958,931,984,988,978,976,979,956,971,941,973,978,937,963,986,976,958,971,963,996,974,959,946,987,917,984,955,976,963,986,944,940,935,944,948,952,985,958,973,968,981,978,973,959,967,955,943,961,970,971,970,923,970,976,984,938,987,939,979,946,988,951,913,950,985,967,951,961,952,911,954,956,988,927,959,954,960,963,963,978,935,956,941,959,972,945,985,972,939,984,984,979,933,948,985,967,955,979,968,970,958,951,930,959,978,953,954,958,915,973,973,972,972,927,946,939,978,953,954,953,932,945,954,964,924,961,970,939,945,945,957,967,940,953,956,978,985,962,951,941,942,988,959,972,978,986,956,969,962,962,983,994,967,955,971,955,965,980,965,960,937,957,978,968
986,981,959,973,968,977,979,972,985,961,966,972,983,932,970,960,986,949,976,987,935,965,992,996,950,998,969,968,982,964,956,987,980,959,990,970,961,979,989,992,994,978,983,983,987,960,982,980,950,971,992,977,968,972,967,997,978,961,957,991,932,996,963,977,964,987,992,956,947,950,951,983,987,961,975,974,992,982,987,968,976,969,961,963,971,977,974,936,979,988,987,970,988,952,993,958,991,954,938,979,988,973,981,963,977,918,956,963,991,976,968,957,991,979,978,979,939,972,965,988,976,955,986,980,958,991,986,981,935,962,991,981,985,990,993,977,965,974,972,971,981,957,964,965,918,993,980,974,980,975,963,941,993,956,960,967,960,966,972,980,937,980,973,961,958,958,958,977,958,961,974,986,989,963,962,987,955,989,968,982,985,989,980,973,964,965,990,996,968,968,983,963,968,988,975,981,971,968,981,972
989,985,980,983,983,983,997,992,987,963,972,998,992,955,971,969,992,971,981,990,976,982,995,997,953,999,971,984,986,983,964,988,996,961,997,983,981,996,994,996,997,981,984,985,992,984,988,995,961,982,994,984,994,982,991,998,988,985,982,997,993,997,973,983,965,993,994,967,979,955,975,989,992,971,986,977,994,989,989,982,980,972,984,969,974,985,982,967,986,989,996,975,990,962,995,972,992,962,976,990,991,994,986,969,978,944,967,969,994,977,992,985,994,995,985,984,973,985,993,998,985,984,991,989,970,998,996,982,937,975,993,990,997,992,996,980,973,978,976,983,989,966,976,978,929,994,982,985,996,982,969,961,999,957,963,992,971,976,988,982,974,995,975,962,976,982,971,982,980,975,991,991,996,968,985,995,973,992,970,983,989,996,982,978,967,971,991,997,971,983,990,980,986,989,992,997,972,992,987,977
992,992,992,990,985,996,999,1000,997,969,995,999,994,962,985,973,999,981,988,997,999,994,998,999,970,1000,994,1000,1000,996,978,995,1000,977,1000,997,986,998,996,1000,999,985,989,988,999,992,998,999,965,999,998,995,999,998,997,1000,994,1000,983,999,1000,1000,988,988,974,1000,998,974,999,959,988,990,998,977,995,988,999,996,995,987,993,983,985,971,995,1000,984,1000,999,992,997,982,995,967,1000,977,995,971,993,995,997,996,987,994,984,997,990,982,995,980,995,990,1000,1000,986,999,998,987,996,999,987,988,992,998,988,1000,1000,985,994,993,996,991,999,993,998,993,1000,985,997,998,998,993,982,999,965,1000,984,997,998,983,973,990,1000,985,995,997,997,982,994,990,984,997,999,983,992,999,995,988,987,986,1000,995,1000,969,990,996,979,999,990,987,992,997,999,994,998,996,996,1000,976,989,995,983,995,992,993,999,991,999,991,990
